{"name": "trees", "budget": 200000.0, "unit_cost": 1200.0, "seeded": {"A": 5, "B": 5, "C": 5}, "seed_radius_m": 30.0, "benefit": 1686.858129719661, "benefit_unseeded": 1688.2244313524204, "trees": [[205.8, 6.2, 8.0, 6.0], [180.3, 6.2, 8.0, 6.0], [151.8, 6.2, 8.0, 6.0], [193.8, -17.8, 8.0, 6.0], [204.3, -5.8, 8.0, 6.0], [-23.7, 103.7, 8.0, 6.0], [-46.2, 102.2, 8.0, 6.0], [-7.2, 103.7, 8.0, 6.0], [-35.7, 103.7, 8.0, 6.0], [-59.7, 87.2, 8.0, 6.0], [-167.7, -14.8, 8.0, 6.0], [-170.7, -70.3, 8.0, 6.0], [-166.2, -37.3, 8.0, 6.0], [-166.2, -23.8, 8.0, 6.0], [-170.7, -10.3, 8.0, 6.0], [576.3, 718.7, 8.0, 6.0], [538.8, 697.7, 8.0, 6.0], [565.8, 712.7, 8.0, 6.0], [-215.7, 189.2, 8.0, 6.0], [-181.2, 87.2, 8.0, 6.0], [-181.2, 97.7, 8.0, 6.0], [82.8, 103.7, 8.0, 6.0], [-185.7, 72.2, 8.0, 6.0], [525.3, 675.2, 8.0, 6.0], [66.3, 88.7, 8.0, 6.0], [70.8, 103.7, 8.0, 6.0], [543.3, 699.2, 8.0, 6.0], [571.8, 717.2, 8.0, 6.0], [-167.7, -76.3, 8.0, 6.0], [-211.2, 187.7, 8.0, 6.0], [-182.7, 13.7, 8.0, 6.0], [532.8, 696.2, 8.0, 6.0], [64.8, 84.2, 8.0, 6.0], [-179.7, 82.7, 8.0, 6.0], [-185.7, -169.3, 8.0, 6.0], [-268.2, 192.2, 8.0, 6.0], [-229.2, 189.2, 8.0, 6.0], [-169.2, -82.3, 8.0, 6.0], [-181.2, -106.3, 8.0, 6.0], [-182.7, 91.7, 8.0, 6.0], [-200.7, 183.2, 8.0, 6.0], [-175.2, -94.3, 8.0, 6.0], [559.8, 709.7, 8.0, 6.0], [-181.2, 73.7, 8.0, 6.0], [-185.7, 99.2, 8.0, 6.0], [67.8, 93.2, 8.0, 6.0], [66.3, 102.2, 8.0, 6.0], [-187.2, 22.7, 8.0, 6.0], [-190.2, 70.7, 8.0, 6.0], [-158.7, -355.3, 8.0, 6.0], [-281.7, 198.2, 8.0, 6.0], [547.8, 702.2, 8.0, 6.0], [88.8, 103.7, 8.0, 6.0], [-187.2, 15.2, 8.0, 6.0], [-176.7, -100.3, 8.0, 6.0], [-205.2, 186.2, 8.0, 6.0], [-172.2, -88.3, 8.0, 6.0], [-166.2, -71.8, 8.0, 6.0], [-190.2, 36.2, 8.0, 6.0], [-163.2, -77.8, 8.0, 6.0], [-221.7, 189.2, 8.0, 6.0], [-188.7, 199.7, 8.0, 6.0], [-136.2, -77.8, 8.0, 6.0], [-133.2, -13.3, 8.0, 6.0], [-164.7, -58.3, 8.0, 6.0], [-176.7, 88.7, 8.0, 6.0], [-188.7, -152.8, 8.0, 6.0], [-181.2, -170.8, 8.0, 6.0], [-154.2, -11.8, 8.0, 6.0], [-166.2, -43.3, 8.0, 6.0], [-181.2, -191.8, 8.0, 6.0], [-220.2, -145.3, 8.0, 6.0], [-77.7, -11.8, 8.0, 6.0], [-274.2, 193.7, 8.0, 6.0], [-188.7, 28.7, 8.0, 6.0], [-181.2, 9.2, 8.0, 6.0], [-200.7, -170.8, 8.0, 6.0], [520.8, 673.7, 8.0, 6.0], [-188.7, 46.7, 8.0, 6.0], [-188.7, -136.3, 8.0, 6.0], [415.8, 618.2, 8.0, 6.0], [-184.2, -119.8, 8.0, 6.0], [289.8, 45.2, 8.0, 6.0], [-157.2, 72.2, 8.0, 6.0], [-164.7, -49.3, 8.0, 6.0], [-169.2, -19.3, 8.0, 6.0], [306.3, 7.7, 8.0, 6.0], [-185.7, -107.8, 8.0, 6.0], [430.8, -79.3, 8.0, 6.0], [-175.2, 1.7, 8.0, 6.0], [61.8, 90.2, 8.0, 6.0], [114.3, 6.2, 8.0, 6.0], [-136.2, 72.2, 8.0, 6.0], [-173.7, -83.8, 8.0, 6.0], [261.3, 7.7, 8.0, 6.0], [-194.7, 181.7, 8.0, 6.0], [-188.7, -145.3, 8.0, 6.0], [-235.2, 193.7, 8.0, 6.0], [-34.2, -13.3, 8.0, 6.0], [223.8, 6.2, 8.0, 6.0], [-185.7, -127.3, 8.0, 6.0], [-190.2, 64.7, 8.0, 6.0], [-188.7, -161.8, 8.0, 6.0], [403.8, 39.2, 8.0, 6.0], [-182.7, 19.7, 8.0, 6.0], [-167.7, -32.8, 8.0, 6.0], [282.3, 49.7, 8.0, 6.0], [-185.7, 85.7, 8.0, 6.0], [-170.7, -92.8, 8.0, 6.0], [-116.7, -229.3, 8.0, 6.0], [-40.2, 213.2, 8.0, 6.0], [-263.7, 190.7, 8.0, 6.0], [325.8, 7.7, 8.0, 6.0], [285.3, 7.7, 8.0, 6.0], [-190.2, -167.8, 8.0, 6.0], [-41.7, 205.7, 8.0, 6.0], [-16.2, 214.7, 8.0, 6.0], [450.3, -146.8, 8.0, 6.0], [-188.7, 40.7, 8.0, 6.0], [-194.7, 15.2, 8.0, 6.0], [-64.2, 213.2, 8.0, 6.0], [513.3, -377.8, 8.0, 6.0], [360.3, -28.3, 8.0, 6.0], [93.3, 6.2, 8.0, 6.0], [-14.7, 207.2, 8.0, 6.0], [510.3, -370.3, 8.0, 6.0], [396.3, -95.8, 8.0, 6.0], [-181.2, -113.8, 8.0, 6.0], [-172.2, -77.8, 8.0, 6.0], [432.3, 12.2, 8.0, 6.0], [367.8, -5.8, 8.0, 6.0], [571.8, -265.3, 8.0, 6.0], [273.3, -31.3, 8.0, 6.0], [334.8, -29.8, 8.0, 6.0], [94.8, 202.7, 8.0, 6.0], [471.3, -379.3, 8.0, 6.0], [558.3, -362.8, 8.0, 6.0], [393.3, -103.3, 8.0, 6.0], [-248.7, -163.3, 8.0, 6.0], [-235.2, -364.3, 8.0, 6.0], [385.8, 9.2, 8.0, 6.0], [493.8, -382.3, 8.0, 6.0], [-128.7, -77.8, 8.0, 6.0], [-62.7, 205.7, 8.0, 6.0], [13.8, -353.8, 8.0, 6.0], [363.3, -22.3, 8.0, 6.0], [510.3, -347.8, 8.0, 6.0], [246.3, 7.7, 8.0, 6.0], [249.3, -32.8, 8.0, 6.0], [-175.2, -104.8, 8.0, 6.0], [-166.2, -64.3, 8.0, 6.0], [375.3, -35.8, 8.0, 6.0], [237.3, -5.8, 8.0, 6.0], [490.8, -368.8, 8.0, 6.0], [535.8, -343.3, 8.0, 6.0], [306.3, -31.3, 8.0, 6.0], [-163.2, -16.3, 8.0, 6.0], [432.3, -145.3, 8.0, 6.0], [27.3, -262.3, 8.0, 6.0], [514.8, -385.3, 8.0, 6.0], [465.3, -236.8, 8.0, 6.0], [396.3, -89.8, 8.0, 6.0], [22.8, 202.7, 8.0, 6.0], [-106.2, 232.7, 8.0, 6.0], [489.3, -356.8, 8.0, 6.0], [540.3, -358.3, 8.0, 6.0]]}