{"name": "sails", "budget": 200000.0, "unit_cost": 6400.0, "seeded": {"A": 2, "B": 2, "C": 2}, "seed_radius_m": 30.0, "benefit": 427.4401591323039, "benefit_unseeded": 436.589134383074, "sails": [[205.8, 6.2], [180.3, 4.7], [-23.7, 103.7], [-44.7, 102.2], [-167.7, -14.8], [-170.7, -70.3], [576.3, 718.7], [538.8, 697.7], [-215.7, 189.2], [568.8, 714.2], [82.8, 103.7], [-181.2, 87.2], [-185.7, 72.2], [-181.2, 97.7], [66.3, 88.7], [525.3, 675.2], [70.8, 103.7], [532.8, 696.2], [-167.7, -76.3], [-182.7, 13.7], [-205.2, 186.2], [561.3, 711.2], [544.8, 699.2], [-221.7, 187.7], [-187.2, -169.3], [-169.2, -82.3], [-181.2, -106.3], [-269.7, 192.2], [-175.2, -94.3], [-179.7, 81.2], [-191.7, 70.7]], "sail_h": 7.2, "sail_crown": 7.0}