{"name": "ptB_sails_25", "solution": "sails", "point": "B", "level": 0.25, "sail_cells": [[-139.19, 105.23], [-137.69, 105.23], [-136.19, 105.23], [-134.69, 105.23], [-133.19, 105.23], [-131.69, 105.23], [-130.19, 105.23], [-128.69, 105.23], [-127.19, 105.23], [-125.69, 105.23], [-124.19, 105.23], [-122.69, 105.23], [-121.19, 105.23], [-139.19, 103.73], [-137.69, 103.73], [-136.19, 103.73], [-134.69, 103.73], [-133.19, 103.73], [-131.69, 103.73], [-130.19, 103.73], [-128.69, 103.73], [-127.19, 103.73], [-125.69, 103.73], [-124.19, 103.73], [-122.69, 103.73], [-121.19, 103.73], [-145.19, 102.23], [-143.69, 102.23], [-142.19, 102.23], [-140.69, 102.23], [-139.19, 102.23], [-137.69, 102.23], [-136.19, 102.23], [-134.69, 102.23], [-133.19, 102.23], [-131.69, 102.23], [-130.19, 102.23], [-128.69, 102.23], [-127.19, 102.23], [-125.69, 102.23], [-124.19, 102.23], [-122.69, 102.23], [-121.19, 102.23], [-145.19, 100.73], [-143.69, 100.73], [-142.19, 100.73], [-140.69, 100.73], [-139.19, 100.73], [-137.69, 100.73], [-136.19, 100.73], [-134.69, 100.73], [-133.19, 100.73], [-131.69, 100.73], [-130.19, 100.73], [-128.69, 100.73], [-127.19, 100.73], [-125.69, 100.73], [-124.19, 100.73], [-122.69, 100.73], [-121.19, 100.73], [-145.19, 99.23], [-143.69, 99.23], [-142.19, 99.23], [-140.69, 99.23], [-139.19, 99.23], [-137.69, 99.23], [-136.19, 99.23], [-134.69, 99.23], [-133.19, 99.23], [-131.69, 99.23], [-130.19, 99.23], [-128.69, 99.23], [-127.19, 99.23], [-125.69, 99.23], [-124.19, 99.23], [-122.69, 99.23], [-121.19, 99.23], [-145.19, 97.73], [-143.69, 97.73], [-142.19, 97.73], [-140.69, 97.73], [-139.19, 97.73], [-137.69, 97.73], [-136.19, 97.73], [-134.69, 97.73], [-133.19, 97.73], [-131.69, 97.73], [-130.19, 97.73], [-128.69, 97.73], [-127.19, 97.73], [-125.69, 97.73], [-124.19, 97.73], [-122.69, 97.73], [-121.19, 97.73], [-145.19, 96.23], [-143.69, 96.23], [-142.19, 96.23], [-140.69, 96.23], [-139.19, 96.23], [-137.69, 96.23], [-136.19, 96.23], [-134.69, 96.23], [-133.19, 96.23], [-131.69, 96.23], [-130.19, 96.23], [-128.69, 96.23], [-127.19, 96.23], [-125.69, 96.23], [-124.19, 96.23], [-122.69, 96.23], [-121.19, 96.23]], "sail_h": 6.0, "sail_tau": 0.28, "canopy_area_m2": 249.8, "window": [45.479414, 9.227165, 95.6, 50.3]}